Strategy,Mean_Primary_Cost,Mean_Secondary_Cost,Mean_Additional_Cost,Total_Mean_Cost
High_Tide,5.7538703630289545,5658.768779452802,5720.684097576073,5664.522649815831
AAVE,0.0,458.3672700330168,28.877138012080064,458.3672700330168
