Strategy,Mean_Primary_Cost,Mean_Secondary_Cost,Mean_Additional_Cost,Total_Mean_Cost
High_Tide,-39119.74980272102,0.0,24.202387751999996,-39119.74980272102
AAVE,0.0,942.4561924009133,18849.123848018266,942.4561924009133
