Strategy,Mean_Primary_Cost,Mean_Secondary_Cost,Mean_Additional_Cost,Total_Mean_Cost
High_Tide,0.0,0.0,24.202389399999994,-120103.90791923167
AAVE,0.0,1016.2621372058417,20325.24274411683,1016.2621372058417
