Strategy,Mean_Primary_Cost,Mean_Secondary_Cost,Mean_Additional_Cost,Total_Mean_Cost
High_Tide,5.7538703630289545,97.81911615310176,5720.684097576073,103.57298651613071
AAVE,0.0,458.3672700330168,64.93137186753663,458.3672700330168
