Scenario_Name,Target_Health_Factor,Initial_HF_Min,Initial_HF_Max,HT_Mean_Survival_Rate,AAVE_Mean_Survival_Rate,Survival_Improvement_Percent,HT_Mean_Total_Cost,AAVE_Mean_Total_Cost,Cost_Reduction_Percent,HT_Win_Rate,Statistical_Power
Aggressive_1.01,1.01,1.2,1.3,1.0,1.0,0.0,80.74849841258721,25080.204735498264,99.67803891848499,0.0,5
Moderate_1.025,1.025,1.3,1.4,1.0,1.0,0.0,61.657796690720716,1751.9786262397934,96.48067643250565,0.0,5
Conservative_1.05,1.05,1.4,1.5,1.0,1.0,0.0,82.38965528353603,0.0,-inf,0.0,5
Mixed_1.075,1.075,1.2,1.5,1.0,1.0,0.0,100.59623495713588,8470.99589849446,98.81246271202876,0.0,5
Balanced_1.1,1.1,1.25,1.45,1.0,1.0,0.0,106.14809188319177,3944.2188823089914,97.3087677167386,0.0,5
