Scenario_Name,Target_Health_Factor,Initial_HF_Min,Initial_HF_Max,HT_Mean_Survival_Rate,AAVE_Mean_Survival_Rate,Survival_Improvement_Percent,HT_Mean_Total_Cost,AAVE_Mean_Total_Cost,Cost_Reduction_Percent,HT_Win_Rate,Statistical_Power
Aggressive_1.01,1.01,1.1,1.2,0.3333333333333333,1.0,-66.66666666666667,-1827881.3256970933,705125.5915820862,359.22776701323323,0.0,1
Moderate_1.025,1.025,1.2,1.4,0.6,1.0,-40.0,-1803795.4274753793,398700.2780088794,552.4189038652256,0.0,1
Conservative_1.05,1.05,1.3,1.5,0.4666666666666667,1.0,-53.333333333333336,-1817873.6623406596,32304.630523418444,5727.285107077257,0.0,1
Mixed_1.075,1.075,1.1,1.5,0.6,1.0,-40.0,-1788485.628823084,334181.2463864021,635.1843193364359,0.0,1
Balanced_1.1,1.1,1.25,1.45,0.6666666666666666,1.0,-33.333333333333336,-1769757.0496061596,130301.11959841423,1458.2055588321266,0.0,1
