Scenario_Name,Target_Health_Factor,Initial_HF_Min,Initial_HF_Max,HT_Mean_Survival_Rate,AAVE_Mean_Survival_Rate,Survival_Improvement_Percent,HT_Mean_Total_Cost,AAVE_Mean_Total_Cost,Cost_Reduction_Percent,HT_Win_Rate,Statistical_Power
Aggressive_1.01,1.01,1.1,1.2,0.5599999999999999,1.0,-44.00000000000001,-449068.4555859305,694351.7729527628,164.67448821744148,0.0,5
Moderate_1.025,1.025,1.2,1.4,0.5733333333333334,1.0,-42.666666666666664,-522269.3641766631,267259.3141283556,295.41671199748527,0.0,5
Conservative_1.05,1.05,1.3,1.5,0.52,1.0,-48.0,-647332.628294166,25727.49755192812,2616.111903179065,0.0,5
Mixed_1.075,1.075,1.1,1.5,0.6,1.0,-40.0,-644247.3459816115,340523.97118152055,289.19294983735153,0.0,5
Balanced_1.1,1.1,1.25,1.45,0.6533333333333333,1.0,-34.66666666666667,-671063.4411657049,156505.9472168713,528.7782369291103,0.0,5
