Scenario_Name,Target_Health_Factor,Initial_HF_Min,Initial_HF_Max,HT_Mean_Survival_Rate,AAVE_Mean_Survival_Rate,Survival_Improvement_Percent,HT_Mean_Total_Cost,AAVE_Mean_Total_Cost,Cost_Reduction_Percent,HT_Win_Rate,Statistical_Power
Aggressive_1.01,1.01,1.2,1.3,1.0,1.0,0.0,80.74849841258721,23361.320204465537,99.65434959280618,0.0,5
Moderate_1.025,1.025,1.3,1.4,1.0,1.0,0.0,61.657796690720716,1625.7972979849587,96.20753480356127,0.0,5
Conservative_1.05,1.05,1.4,1.5,1.0,1.0,0.0,82.38965528353603,0.0,-inf,0.0,5
Mixed_1.075,1.075,1.2,1.5,1.0,1.0,0.0,100.59623495713588,7889.8344243052725,98.72498927674273,0.0,5
Balanced_1.1,1.1,1.25,1.45,1.0,1.0,0.0,106.14809188319177,3666.3786766264993,97.10482464454925,0.0,5
